A0,A1,A2,A3,A4,A5,A6,A7,A8
0.001845,0.011025,0.016777,0.008196,0.013131,0.003136,0.003888,0.024874,0.029418
-0.005516,-0.017735,0.007047,-0.011516,-0.015825,0.004633,-0.019465,-0.010439,-0.002014
0.002341,0.011919,0.010020,-0.001383,0.005562,0.008624,0.018496,0.005854,0.006863
0.009605,0.014708,-0.000455,0.006901,0.004230,-0.002741,0.015515,0.002007,0.002218
-0.010548,0.021339,0.001322,-0.012032,0.019312,-0.002546,-0.010733,0.010234,0.001590
0.007594,-0.010719,-0.003931,0.008060,-0.011062,0.000312,0.004068,-0.016256,-0.013173
-0.006111,-0.005369,0.007185,-0.007675,-0.007809,0.013859,-0.009944,-0.003531,0.001534
-0.008371,-0.003450,-0.003674,-0.008461,0.013839,0.012865,-0.015948,-0.003799,0.004013
-0.011663,-0.002834,-0.002560,-0.003486,-0.000243,-0.012353,-0.001901,0.000236,-0.010530
0.014914,-0.010820,0.002491,-0.012090,-0.008133,-0.006119,0.008021,0.001503,-0.001993
-0.011409,-0.000244,0.003018,-0.005749,-0.003547,0.001620,0.000975,0.008376,-0.006411
0.012134,-0.000418,0.005836,0.015424,-0.012688,0.021176,0.014974,-0.001326,0.012642
-0.009350,-0.007682,0.011987,0.001298,-0.016781,0.014199,-0.000344,-0.009570,0.011905
0.003625,-0.005962,-0.014605,-0.010180,-0.003969,-0.020441,-0.004324,-0.009769,-0.024672
-0.024649,0.003563,-0.012350,-0.023626,0.005597,-0.004803,-0.030870,0.015055,-0.002420
0.000021,0.025282,-0.000443,0.017375,0.020271,-0.001284,0.009544,0.026663,-0.007097
-0.015847,0.012075,0.003314,-0.025520,-0.002491,0.014807,-0.000399,-0.006010,0.005097
-0.010364,0.006752,0.004477,-0.004399,-0.002635,0.005249,-0.004789,-0.000867,0.026006
0.006687,0.006739,-0.010112,0.007285,0.002941,-0.002021,0.014307,0.021362,-0.009839
0.000652,-0.002437,-0.005914,-0.002993,0.015354,0.006632,-0.002476,0.014059,-0.005347
-0.010698,-0.004959,-0.004298,-0.007696,-0.006014,-0.011435,-0.004349,-0.001002,-0.009779
-0.015537,-0.005544,0.013197,-0.002205,-0.001391,0.011382,-0.008447,-0.017959,0.016409
-0.008092,0.010813,0.006822,-0.001486,0.014706,0.006662,0.006278,0.006989,0.000673
0.000844,-0.000479,-0.007710,0.019796,-0.006043,-0.002661,0.004282,-0.012545,-0.016645
0.019969,-0.003302,0.002123,0.028554,0.000558,-0.000133,0.020019,0.000682,-0.002564
0.000357,0.016355,-0.000333,0.005624,0.006930,0.004194,0.008644,0.010325,-0.006321
-0.006096,-0.000130,-0.011848,-0.003947,-0.002275,-0.007604,-0.005382,0.005939,-0.003652
0.011679,0.002057,0.007004,0.013485,0.001502,0.002930,0.016867,-0.000956,-0.007370
-0.004886,0.006477,0.002934,0.017431,0.009657,-0.001666,-0.002638,0.011300,-0.004675
-0.004492,0.005965,0.003242,-0.005366,0.006598,0.001479,-0.009533,0.003543,-0.004135
0.000640,-0.005271,-0.012962,0.005723,0.004910,0.004055,0.007059,-0.015941,-0.006276
-0.005279,-0.011818,-0.004017,0.002852,-0.019923,-0.016942,0.003186,-0.010841,-0.008739
0.002604,0.016090,-0.007480,0.011042,0.007895,-0.009292,0.000554,0.029262,0.015949
0.006184,-0.009127,0.008621,-0.008661,-0.005310,0.005094,-0.011687,-0.008454,0.001636
-0.006626,0.011829,-0.015765,-0.021569,0.007849,-0.000733,-0.025002,0.008168,-0.004354
-0.012898,0.017330,-0.028375,-0.012599,0.019299,-0.013652,-0.008595,0.020837,-0.019696
0.005339,0.005087,0.005815,0.001525,0.005672,0.003013,0.006376,0.004034,0.003318
-0.006197,-0.003269,-0.020620,-0.009515,0.005775,-0.014269,-0.022444,-0.016712,-0.012268
0.006217,-0.015958,-0.015332,-0.003485,0.000421,-0.007344,0.001325,0.004260,0.004084
-0.004255,0.020217,-0.005200,-0.003109,0.002996,0.004137,-0.002155,0.012510,-0.006203
0.005077,0.000210,-0.011708,0.010570,-0.004653,-0.007276,0.000118,-0.003882,-0.014685
-0.010235,-0.000545,-0.014494,-0.007898,-0.000661,-0.010437,-0.000302,0.006532,-0.013154
-0.003074,0.008798,-0.007062,-0.003712,-0.001343,0.002539,0.000952,0.003627,-0.002942
0.014292,0.013003,-0.002541,0.006674,0.009066,0.003387,0.007311,0.003359,-0.004796
-0.000623,-0.026292,-0.006500,-0.004510,-0.016737,0.000100,0.000089,-0.027101,-0.015206
0.000099,-0.024090,0.004782,-0.003759,-0.017285,0.002891,-0.013848,-0.024968,0.001095
0.007120,0.002961,0.008259,0.014990,0.004196,0.009963,0.008310,0.006092,0.008860
0.019330,0.014323,-0.015209,0.015336,0.009137,-0.034806,0.018205,0.015202,-0.002891
-0.005827,-0.000270,-0.003649,-0.001602,-0.003530,-0.010229,0.005012,-0.003302,-0.002326
0.003592,0.009588,0.012322,0.002175,0.005649,0.009101,-0.007997,0.006708,0.005213
-0.009334,0.006880,-0.009376,-0.011371,0.012125,-0.015778,-0.011580,-0.003970,0.003808
0.009330,0.001442,-0.007746,0.012866,-0.003785,0.004845,0.013665,0.003244,-0.011769
0.016104,0.007837,0.002948,0.031837,0.001831,-0.002996,0.023315,0.015432,-0.003469
0.006141,0.015893,0.007591,0.007922,0.032590,0.003494,0.000243,0.028224,0.023069
0.013733,0.005682,-0.004936,0.003814,0.004895,0.010497,0.005958,0.009496,0.000534
-0.006456,-0.009705,0.010684,0.005576,-0.011066,0.004247,-0.004897,-0.015582,0.023146
-0.001922,-0.007468,0.000188,0.000284,-0.020365,-0.011512,0.005696,-0.007222,-0.009389
-0.012360,0.005320,0.006510,-0.004200,0.009280,0.020199,-0.007164,0.013160,0.010648
0.002781,-0.018046,0.002896,0.006734,-0.014007,0.004673,0.003581,-0.022138,0.006633
0.000949,-0.024281,-0.021203,-0.000986,-0.024253,-0.027628,-0.012805,-0.017955,-0.022830
